{
  "0": 0.6970930232558139,
  "1": 3.2531007751937984,
  "2": 2.835472972972973,
  "3": 1.6265503875968992,
  "4": 3.2531007751937984,
  "5": 0.6982529118136439,
  "6": 0.6994166666666667,
  "7": 4.326288659793814,
  "8": 0.6982529118136439,
  "9": 0.6994166666666667,
  "10": 0.6982529118136439,
  "11": 0.7657846715328467,
  "12": 0.753411131059246,
  "13": 0.8443661971830986,
  "14": 0.992080378250591,
  "15": 3.4970833333333333,
  "16": 0.6994166666666667,
  "17": 0.6994166666666667,
  "18": 1.1754901960784314,
  "19": 1.2912307692307692
}