{
  "00378-0208": {
    "precision": 0.9591836734693877,
    "recall": 0.94,
    "f1-score": 0.9494949494949495,
    "support": 200.0
  },
  "00378-3855": {
    "precision": 0.9166666666666666,
    "recall": 0.7857142857142857,
    "f1-score": 0.8461538461538461,
    "support": 42.0
  },
  "00591-0461": {
    "precision": 0.7213114754098361,
    "recall": 0.9166666666666666,
    "f1-score": 0.8073394495412844,
    "support": 48.0
  },
  "16729-0020": {
    "precision": 0.9710144927536232,
    "recall": 0.788235294117647,
    "f1-score": 0.8701298701298701,
    "support": 85.0
  },
  "16729-0168": {
    "precision": 0.6461538461538462,
    "recall": 1.0,
    "f1-score": 0.7850467289719626,
    "support": 42.0
  },
  "50111-0434": {
    "precision": 0.9945652173913043,
    "recall": 0.915,
    "f1-score": 0.953125,
    "support": 200.0
  },
  "53489-0156": {
    "precision": 0.7980769230769231,
    "recall": 0.83,
    "f1-score": 0.8137254901960784,
    "support": 200.0
  },
  "53746-0544": {
    "precision": 0.7941176470588235,
    "recall": 0.84375,
    "f1-score": 0.8181818181818182,
    "support": 32.0
  },
  "57664-0377": {
    "precision": 0.9950248756218906,
    "recall": 1.0,
    "f1-score": 0.9975062344139651,
    "support": 200.0
  },
  "62037-0831": {
    "precision": 0.964824120603015,
    "recall": 0.96,
    "f1-score": 0.9624060150375939,
    "support": 200.0
  },
  "62037-0832": {
    "precision": 0.9371980676328503,
    "recall": 0.97,
    "f1-score": 0.9533169533169533,
    "support": 200.0
  },
  "64380-0803": {
    "precision": 0.994535519125683,
    "recall": 1.0,
    "f1-score": 0.9972602739726028,
    "support": 182.0
  },
  "65162-0253": {
    "precision": 1.0,
    "recall": 0.9945945945945946,
    "f1-score": 0.997289972899729,
    "support": 185.0
  },
  "67253-0901": {
    "precision": 1.0,
    "recall": 0.9939393939393939,
    "f1-score": 0.9969604863221885,
    "support": 165.0
  },
  "68382-0008": {
    "precision": 0.8803418803418803,
    "recall": 0.7357142857142858,
    "f1-score": 0.8015564202334631,
    "support": 140.0
  },
  "68382-0227": {
    "precision": 0.6363636363636364,
    "recall": 0.8974358974358975,
    "f1-score": 0.7446808510638298,
    "support": 39.0
  },
  "69097-0127": {
    "precision": 0.625,
    "recall": 0.85,
    "f1-score": 0.7203389830508474,
    "support": 200.0
  },
  "69097-0128": {
    "precision": 0.7903225806451613,
    "recall": 0.49,
    "f1-score": 0.6049382716049383,
    "support": 200.0
  },
  "69315-0904": {
    "precision": 0.8785046728971962,
    "recall": 0.7966101694915254,
    "f1-score": 0.8355555555555556,
    "support": 118.0
  },
  "69315-0905": {
    "precision": 0.9,
    "recall": 1.0,
    "f1-score": 0.9473684210526315,
    "support": 108.0
  },
  "accuracy": 0.8880114860014358,
  "macro avg": {
    "precision": 0.8701602647605862,
    "recall": 0.8853830293837148,
    "f1-score": 0.8701187795597054,
    "support": 2786.0
  },
  "weighted avg": {
    "precision": 0.8976968993485172,
    "recall": 0.8880114860014358,
    "f1-score": 0.8869512729523427,
    "support": 2786.0
  }
}