{
  "test_accuracy": 0.8880114860014358,
  "test_accuracy_pct": 88.80114860014358,
  "total_test_images": 2786,
  "correct_predictions": 2474,
  "avg_confidence_pct": 89.25606536865234,
  "per_class_f1": {
    "00378-0208": 0.9494949494949495,
    "00378-3855": 0.8461538461538461,
    "00591-0461": 0.8073394495412844,
    "16729-0020": 0.8701298701298701,
    "16729-0168": 0.7850467289719626,
    "50111-0434": 0.953125,
    "53489-0156": 0.8137254901960784,
    "53746-0544": 0.8181818181818182,
    "57664-0377": 0.9975062344139651,
    "62037-0831": 0.9624060150375939,
    "62037-0832": 0.9533169533169533,
    "64380-0803": 0.9972602739726028,
    "65162-0253": 0.997289972899729,
    "67253-0901": 0.9969604863221885,
    "68382-0008": 0.8015564202334631,
    "68382-0227": 0.7446808510638298,
    "69097-0127": 0.7203389830508474,
    "69097-0128": 0.6049382716049383,
    "69315-0904": 0.8355555555555556,
    "69315-0905": 0.9473684210526315
  }
}