{
  "accuracy": [
    0.5143572092056274,
    0.6685333251953125,
    0.7071369290351868,
    0.7390682697296143,
    0.751578688621521,
    0.7628976702690125,
    0.7821994423866272,
    0.7869653105735779,
    0.7908971905708313,
    0.802216112613678,
    0.7974502444267273,
    0.8068628907203674,
    0.8142499923706055,
    0.8255689144134521,
    0.8167520761489868,
    0.8300964832305908,
    0.8330751657485962,
    0.8300964832305908,
    0.8405814170837402,
    0.839509129524231,
    0.847730278968811,
    0.8482068181037903,
    0.8517812490463257,
    0.8483259677886963,
    0.8554748296737671,
    0.8598832488059998,
    0.8621470332145691,
    0.8627427816390991,
    0.8673895001411438,
    0.8672703504562378
  ],
  "loss": [
    1.6756625175476074,
    0.8414313197135925,
    0.7098672389984131,
    0.6245262026786804,
    0.5894449353218079,
    0.5475349426269531,
    0.5145461559295654,
    0.49653059244155884,
    0.47585657238960266,
    0.4562251567840576,
    0.44421589374542236,
    0.43081122636795044,
    0.40889009833335876,
    0.3989454209804535,
    0.3891696035861969,
    0.37725865840911865,
    0.3716988265514374,
    0.37675583362579346,
    0.354288786649704,
    0.3534832000732422,
    0.3369445502758026,
    0.3349696397781372,
    0.33620452880859375,
    0.333760142326355,
    0.3235100507736206,
    0.3213171362876892,
    0.31150946021080017,
    0.3061912953853607,
    0.29599428176879883,
    0.3005671203136444
  ],
  "val_accuracy": [
    0.7175792455673218,
    0.7114553451538086,
    0.735230565071106,
    0.7636887431144714,
    0.7820605039596558,
    0.7964697480201721,
    0.8170028924942017,
    0.8126801252365112,
    0.8278098106384277,
    0.8083573579788208,
    0.8256484270095825,
    0.8213256597518921,
    0.8281700015068054,
    0.8411383032798767,
    0.8472622632980347,
    0.8494236469268799,
    0.8429394960403442,
    0.8587896227836609,
    0.8472622632980347,
    0.8321325778961182,
    0.8465417623519897,
    0.865634024143219,
    0.8649135231971741,
    0.8713976740837097,
    0.8721181750297546,
    0.880403459072113,
    0.8786023259162903,
    0.8829250931739807,
    0.8757204413414001,
    0.8731988668441772
  ],
  "val_loss": [
    0.8430562615394592,
    0.8706902265548706,
    0.7440446615219116,
    0.6445324420928955,
    0.5644791722297668,
    0.5026945471763611,
    0.42650315165519714,
    0.4278915822505951,
    0.3988669812679291,
    0.45187121629714966,
    0.38835281133651733,
    0.39594292640686035,
    0.38275644183158875,
    0.353614866733551,
    0.3432379364967346,
    0.34295445680618286,
    0.35540902614593506,
    0.32907164096832275,
    0.3542010486125946,
    0.37385857105255127,
    0.3514297604560852,
    0.30967316031455994,
    0.3259987533092499,
    0.3030856251716614,
    0.30364179611206055,
    0.298814982175827,
    0.2926446795463562,
    0.28276526927948,
    0.28894928097724915,
    0.29846951365470886
  ],
  "learning_rate": [
    9.999999747378752e-06,
    9.999999747378752e-06,
    9.999999747378752e-06,
    9.999999747378752e-06,
    9.999999747378752e-06,
    9.999999747378752e-06,
    9.999999747378752e-06,
    9.999999747378752e-06,
    9.999999747378752e-06,
    9.999999747378752e-06,
    9.999999747378752e-06,
    9.999999747378752e-06,
    9.999999747378752e-06,
    9.999999747378752e-06,
    9.999999747378752e-06,
    9.999999747378752e-06,
    9.999999747378752e-06,
    9.999999747378752e-06,
    9.999999747378752e-06,
    9.999999747378752e-06,
    9.999999747378752e-06,
    9.999999747378752e-06,
    9.999999747378752e-06,
    9.999999747378752e-06,
    9.999999747378752e-06,
    9.999999747378752e-06,
    9.999999747378752e-06,
    9.999999747378752e-06,
    9.999999747378752e-06,
    9.999999747378752e-06
  ]
}