{
  "accuracy": [
    0.5206719636917114,
    0.6697247624397278,
    0.707732617855072,
    0.7289407849311829,
    0.7403789162635803,
    0.751102089881897,
    0.7575360536575317,
    0.7623019218444824,
    0.7763612270355225,
    0.7751697897911072,
    0.7779101729393005,
    0.7758846879005432,
    0.795543909072876,
    0.796377956867218,
    0.7937567234039307,
    0.7984034419059753,
    0.802573561668396,
    0.8073394298553467,
    0.8081734776496887,
    0.8087692260742188
  ],
  "loss": [
    1.4404491186141968,
    0.875889003276825,
    0.732058584690094,
    0.6545806527137756,
    0.6180915236473083,
    0.5957010984420776,
    0.5758088231086731,
    0.5505456328392029,
    0.5275655388832092,
    0.5260477662086487,
    0.5183100700378418,
    0.5177162289619446,
    0.464755654335022,
    0.4598707854747772,
    0.45870858430862427,
    0.4683760404586792,
    0.4457704424858093,
    0.4347233474254608,
    0.4354763329029083,
    0.43873804807662964
  ],
  "val_accuracy": [
    0.7100144028663635,
    0.7453169822692871,
    0.7550432085990906,
    0.7561239004135132,
    0.7831411957740784,
    0.7853025794029236,
    0.7989913821220398,
    0.8112391829490662,
    0.8166426420211792,
    0.8115994334220886,
    0.7997118234634399,
    0.7871037721633911,
    0.7979106903076172,
    0.8047550320625305,
    0.8328530192375183,
    0.8227665424346924,
    0.8310518860816956,
    0.8317723274230957,
    0.8278098106384277,
    0.8076369166374207
  ],
  "val_loss": [
    0.7565303444862366,
    0.6013475060462952,
    0.5797735452651978,
    0.5424526333808899,
    0.4934391975402832,
    0.4959760904312134,
    0.4648090898990631,
    0.4518989026546478,
    0.42472562193870544,
    0.44264963269233704,
    0.4421667754650116,
    0.4855061173439026,
    0.4444926977157593,
    0.43680235743522644,
    0.39742782711982727,
    0.39705774188041687,
    0.40167978405952454,
    0.394417941570282,
    0.3926795423030853,
    0.42695868015289307
  ],
  "learning_rate": [
    0.0010000000474974513,
    0.0010000000474974513,
    0.0010000000474974513,
    0.0010000000474974513,
    0.0010000000474974513,
    0.0010000000474974513,
    0.0010000000474974513,
    0.0010000000474974513,
    0.0010000000474974513,
    0.0010000000474974513,
    0.0010000000474974513,
    0.0010000000474974513,
    0.0005000000237487257,
    0.0005000000237487257,
    0.0005000000237487257,
    0.0005000000237487257,
    0.0005000000237487257,
    0.0005000000237487257,
    0.0005000000237487257,
    0.0005000000237487257
  ]
}