{
  "accuracy": [
    0.8564279675483704,
    0.8663171529769897,
    0.8617895841598511,
    0.8640533685684204,
    0.8614321351051331,
    0.8617895841598511,
    0.8712021708488464,
    0.8659597039222717,
    0.8685809373855591,
    0.8712021708488464,
    0.8723936676979065,
    0.8715596199035645,
    0.8712021708488464,
    0.8815679550170898,
    0.8791850209236145,
    0.8821637034416199,
    0.8858572840690613,
    0.8865721225738525,
    0.8832360506057739,
    0.8846657872200012
  ],
  "loss": [
    0.35308101773262024,
    0.33686381578445435,
    0.3180345594882965,
    0.3299050033092499,
    0.322502076625824,
    0.31476491689682007,
    0.29866594076156616,
    0.30999791622161865,
    0.2991357445716858,
    0.2891148030757904,
    0.2948608100414276,
    0.2839450538158417,
    0.2937629818916321,
    0.2737272083759308,
    0.25922316312789917,
    0.2654210925102234,
    0.24959659576416016,
    0.25770020484924316,
    0.25008952617645264,
    0.25814396142959595
  ],
  "val_accuracy": [
    0.8699567914009094,
    0.8670749068260193,
    0.8641930818557739,
    0.865634024143219,
    0.8757204413414001,
    0.8692362904548645,
    0.8706772327423096,
    0.8847262263298035,
    0.8836455345153809,
    0.8829250931739807,
    0.871037483215332,
    0.8721181750297546,
    0.8746397495269775,
    0.8782420754432678,
    0.8735590577125549,
    0.8757204413414001,
    0.8742795586585999,
    0.8728386163711548,
    0.8742795586585999,
    0.8793227672576904
  ],
  "val_loss": [
    0.3259742856025696,
    0.31752437353134155,
    0.320923388004303,
    0.33984139561653137,
    0.29658353328704834,
    0.3097900450229645,
    0.2930925190448761,
    0.27611565589904785,
    0.2759082019329071,
    0.28321531414985657,
    0.31447774171829224,
    0.31615856289863586,
    0.2993778884410858,
    0.2891250252723694,
    0.3035258650779724,
    0.28855833411216736,
    0.2994498610496521,
    0.2980746328830719,
    0.29849350452423096,
    0.28382155299186707
  ],
  "learning_rate": [
    9.999999747378752e-06,
    9.999999747378752e-06,
    9.999999747378752e-06,
    9.999999747378752e-06,
    9.999999747378752e-06,
    9.999999747378752e-06,
    9.999999747378752e-06,
    9.999999747378752e-06,
    9.999999747378752e-06,
    9.999999747378752e-06,
    9.999999747378752e-06,
    9.999999747378752e-06,
    9.999999747378752e-06,
    9.999999747378752e-06,
    4.999999873689376e-06,
    4.999999873689376e-06,
    4.999999873689376e-06,
    4.999999873689376e-06,
    4.999999873689376e-06,
    2.499999936844688e-06
  ]
}